{"cameraMode":{"drawMode":0,"name":"Shaded","section":"Shading Mode"},"sceneLighting":false,"audioPlay":false,"sceneViewState":{"m_AlwaysRefresh":false,"showFog":true,"showSkybox":false,"showFlares":true,"showImageEffects":true,"showParticleSystems":true,"showVisualEffectGraphs":true,"m_FxEnabled":true},"in2DMode":false,"pivot":{"x":0.35478532314300539,"y":-0.23668456077575684,"z":-1.1496224403381348},"rotation":{"x":0.0007550721056759357,"y":-0.9722025394439697,"z":0.2342066764831543,"w":0.0032083545811474325},"size":2.1954877376556398,"orthographic":false}