{"cameraMode":{"drawMode":0,"name":"Shaded","section":"Shading Mode"},"sceneLighting":true,"audioPlay":false,"sceneViewState":{"m_AlwaysRefresh":false,"showFog":true,"showSkybox":true,"showFlares":true,"showImageEffects":true,"showParticleSystems":true,"showVisualEffectGraphs":true,"m_FxEnabled":true},"in2DMode":false,"pivot":{"x":4.390704154968262,"y":2.4914939403533937,"z":15.444123268127442},"rotation":{"x":0.23853130638599397,"y":-0.4181535542011261,"z":0.11477398127317429,"w":0.8689621686935425},"size":13.280287742614746,"orthographic":true}