{"cameraMode":{"drawMode":0,"name":"Shaded","section":"Shading Mode"},"sceneLighting":true,"audioPlay":false,"sceneViewState":{"m_AlwaysRefresh":false,"showFog":true,"showSkybox":true,"showFlares":true,"showImageEffects":true,"showParticleSystems":true,"showVisualEffectGraphs":true,"m_FxEnabled":true},"in2DMode":false,"pivot":{"x":-2.343771457672119,"y":-2.215329170227051,"z":-0.035462379455566409},"rotation":{"x":0.15041659772396089,"y":-0.3887189030647278,"z":0.06450898200273514,"w":0.9067450761795044},"size":10.250986099243164,"orthographic":false}